source,title,price,url
EmpireFlippers,None - #91305,"$120,615",https://empireflippers.com/listing/91305
EmpireFlippers,None - #94001,"$119,218",https://empireflippers.com/listing/94001
EmpireFlippers,None - #61268,"$124,823",https://empireflippers.com/listing/61268
EmpireFlippers,None - #67490,"$124,526",https://empireflippers.com/listing/67490
EmpireFlippers,None - #92232,"$124,344",https://empireflippers.com/listing/92232
EmpireFlippers,None - #48671,"$124,296",https://empireflippers.com/listing/48671
EmpireFlippers,None - #47801,"$124,191",https://empireflippers.com/listing/47801
EmpireFlippers,None - #41033,"$123,961",https://empireflippers.com/listing/41033
EmpireFlippers,None - #57938,"$123,845",https://empireflippers.com/listing/57938
EmpireFlippers,None - #88899,"$123,818",https://empireflippers.com/listing/88899
EmpireFlippers,None - #47977,"$123,522",https://empireflippers.com/listing/47977
EmpireFlippers,None - #82796,"$123,371",https://empireflippers.com/listing/82796
EmpireFlippers,None - #46733,"$123,167",https://empireflippers.com/listing/46733
EmpireFlippers,None - #61881,"$122,934",https://empireflippers.com/listing/61881
EmpireFlippers,None - #77522,"$122,573",https://empireflippers.com/listing/77522
EmpireFlippers,None - #67817,"$122,485",https://empireflippers.com/listing/67817
EmpireFlippers,None - #46849,"$122,261",https://empireflippers.com/listing/46849
EmpireFlippers,None - #84149,"$122,185",https://empireflippers.com/listing/84149
EmpireFlippers,None - #70917,"$122,124",https://empireflippers.com/listing/70917
EmpireFlippers,None - #66351,"$122,115",https://empireflippers.com/listing/66351
EmpireFlippers,None - #62451,"$121,689",https://empireflippers.com/listing/62451
EmpireFlippers,None - #43974,"$121,672",https://empireflippers.com/listing/43974
EmpireFlippers,None - #67331,"$121,643",https://empireflippers.com/listing/67331
EmpireFlippers,None - #44168,"$121,616",https://empireflippers.com/listing/44168
EmpireFlippers,None - #45513,"$121,422",https://empireflippers.com/listing/45513
EmpireFlippers,None - #47227,"$121,254",https://empireflippers.com/listing/47227
EmpireFlippers,None - #77321,"$121,250",https://empireflippers.com/listing/77321
EmpireFlippers,None - #81294,"$120,959",https://empireflippers.com/listing/81294
EmpireFlippers,None - #87590,"$120,942",https://empireflippers.com/listing/87590
EmpireFlippers,None - #53443,"$120,680",https://empireflippers.com/listing/53443
EmpireFlippers,None - #91436,"$120,516",https://empireflippers.com/listing/91436
EmpireFlippers,None - #65861,"$120,501",https://empireflippers.com/listing/65861
EmpireFlippers,None - #91913,"$120,029",https://empireflippers.com/listing/91913
EmpireFlippers,None - #79201,"$119,802",https://empireflippers.com/listing/79201
EmpireFlippers,None - #86273,"$119,725",https://empireflippers.com/listing/86273
EmpireFlippers,None - #64432,"$119,529",https://empireflippers.com/listing/64432
EmpireFlippers,None - #47402,"$119,179",https://empireflippers.com/listing/47402
EmpireFlippers,None - #56918,"$119,162",https://empireflippers.com/listing/56918
EmpireFlippers,None - #46141,"$119,020",https://empireflippers.com/listing/46141
EmpireFlippers,None - #40957,"$118,766",https://empireflippers.com/listing/40957
EmpireFlippers,None - #40693,"$118,541",https://empireflippers.com/listing/40693
EmpireFlippers,None - #83071,"$118,524",https://empireflippers.com/listing/83071
EmpireFlippers,None - #52505,"$118,348",https://empireflippers.com/listing/52505
EmpireFlippers,None - #61393,"$118,201",https://empireflippers.com/listing/61393
EmpireFlippers,None - #57181,"$117,964",https://empireflippers.com/listing/57181
EmpireFlippers,None - #48948,"$117,935",https://empireflippers.com/listing/48948
EmpireFlippers,None - #59753,"$117,828",https://empireflippers.com/listing/59753
EmpireFlippers,None - #63618,"$117,443",https://empireflippers.com/listing/63618
EmpireFlippers,None - #46712,"$117,105",https://empireflippers.com/listing/46712
EmpireFlippers,None - #47053,"$116,864",https://empireflippers.com/listing/47053
